id_producto;id_estado;id_tipo_producto;nom_producto;desc_producto;nom_marca;nom_talla;costo_prom;cantidad
5;1;7;PANTALON DESFILE HOMBRE;PANTALON DESFILE BLANCO HOMBRE;Sin Marca;Sin Talla;24339;2
8;1;7;BARBOQUEJO NEGRO;;Sin Marca;Sin Talla;4227;198
12;1;9;CORRECTOR LIQUIDO;;Sin Marca;Sin Talla;683;1
13;1;9;GOMA DE BORRAR;;Sin Marca;Sin Talla;211;11
21;1;0;PORTA T.I.N. DE CUERO;;Sin Marca;Sin Talla;4249;46
24;1;7;SOSTEN DEPORTIVO;SOSTEN BLANCO COPA;FLORES;Sin Talla;5804;13
27;1;3;TAMPAX;TAMPAX ;ESCUELA NAVAL;Sin Talla;2567;8
35;1;7;TRAJE DE BAÑO HOMBRE;TRAJE DE BAÑO HOMBRE ;CARTERS;Sin Talla;9077;8
40;1;5;ZAPATO DE COMBATE;;ARMADA C. AB.;Sin Talla;23413;6
42;1;0;FUNDA DE ROPA;;Sin Marca;Sin Talla;11293;70
44;1;6;PROTECTOR DIARIO MUJER;PROTECTOR DIARIO MUJER;Sin Marca;Sin Talla;1261;3
47;1;7;TENIDA SARGA FINA 14-A HOMBRE;TENIDA SARGA FINA 14-A HOMBRE;Sin Marca;Sin Talla;56718;9
53;1;3;TIRO DE CUERO P/ESPADA;;Sin Marca;Sin Talla;47707;51
54;1;5;ZAPATO REINA;ZAPATO REINA ;Sin Marca;Sin Talla;29381;31
73;1;0;PALAS RIGIDAS BRIGADIER MAYOR;;Sin Marca;Sin Talla;7758;22
74;1;0;CANDADO CHICO;;ODIS;Sin Talla;1971;4
76;1;3;HORQUILLA P/CABELLO;;Sin Marca;Sin Talla;955;53
78;1;7;CREMA PARA PEINAR;;Sin Marca;Sin Talla;1895;23
81;1;0;ALICATE CORTA UÑAS;;Sin Marca;Sin Talla;7249;3
82;1;3;COLET DE RASO NEGRO;;Sin Marca;Sin Talla;1278;53
87;1;7;TENIDA SARGA FINA 14-A MUJER;TENIDA SARGA FINA 14-A HOMBRE;ARMADA C. AB.;Sin Talla;50214;15
91;1;0;SOSTEN DE COPA;;Sin Marca;Sin Talla;5592;13
94;1;7;ESCUDOS DE PANAMA;;Sin Marca;Sin Talla;18662;1
96;1;6;ANTIMICOTICO CREMA;ANTIMICOTICO CREMA;Sin Marca;Sin Talla;537;4
97;1;7;PALAS FLEXIBLES T1° C.AB;;Sin Marca;Sin Talla;4092;7
99;1;0;PALAS RIGIDAS T1° C. AB;;Sin Marca;Sin Talla;4429;10
100;1;0;PARCHE DISTINTIVO  CADETE IM.;;Sin Marca;Sin Talla;1041;15
101;1;0;PLUMON PLASTICO ROPA NEGRO;;PILOT;Sin Talla;998;12
102;1;7;TENIDA DE COMBATE I.M.;;TRUSTPEC;Sin Talla;58169;15
103;1;3;COLET ESLASTICO;;Sin Marca;Sin Talla;102;59
106;1;0;LAPIZ  DELINEADOR LABIOS;;Sin Marca;Sin Talla;2143;17
115;1;0;VOLUME LENGHT WP;;Sin Marca;Sin Talla;4381;2
124;1;12;REGLA PARALELA DE 15;;Sin Marca;Sin Talla;13033;28
125;1;3;PEALES NEGROS ELASTICADOS;;Sin Marca;Sin Talla;955;21
126;1;6;MAQUINA DE AFEITAR;MAQUINA DE AFEITAR;Sin Marca;Sin Talla;2979;3
127;1;6;CEPILLO DE DIENTES;;Sin Marca;Sin Talla;558;2
130;1;7;CAMISETA DEPORTIVA BLANCA DAMA;;Sin Marca;Sin Talla;5834;1
131;1;0;CAMISETA DRY FIT MUJER;CAMISETA DRY FIT MUJER;Sin Marca;Sin Talla;8207;41
132;1;0;TOALLITA DESMAQUILLANTE;;Sin Marca;Sin Talla;2285;1
134;1;3;CHAPA PARADA CON ANCLA;CHAPA PARADA CON ANCLA;Sin Marca;Sin Talla;3332;151
136;1;7;ALCOHOL GEL GERMAGEL 60ML.;;Sin Marca;Sin Talla;809;79
139;1;7;CAPA PAÑO SEDAN;;Sin Marca;Sin Talla;120141;3
142;1;3;CORDON TRICOLOR;;Sin Marca;Sin Talla;600;0
146;1;7;GUANTES STRECH MUJER;GUANTES STRECH MUJER;Sin Marca;Sin Talla;1871;261
147;1;0;PIJAMA GAMUZA;PIJAMA GAMUZA ;Sin Marca;Sin Talla;16402;30
149;1;7;GORRA FEMENINA;GORRA FEMENINA;Sin Marca;Sin Talla;45514;4
150;1;3;CADENILLA PARA SMOKING;;Sin Marca;Sin Talla;1133;34
155;1;3;PALAS FLEXIBLE E.N.;PALAS FLEXIBLE E.N.;Sin Marca;Sin Talla;5450;7
164;1;7;PORTAMINA 0.5;;Sin Marca;Sin Talla;337;27
165;1;3;CEPILLO PARA CABELLO;;Sin Marca;Sin Talla;3076;6
166;1;3;ENCRESPADOR;;Sin Marca;Sin Talla;3676;10
167;1;3;ESPEJO PARA CARTERA;ESPEJO PARA CARTERA ;Sin Marca;Sin Talla;1350;1
171;1;3;GEL PARA CABELLO VO5 VARON;;Sin Marca;Sin Talla;948;16
173;1;0;COLOR DEFINER SHADOW BRONZE;;Sin Marca;Sin Talla;2969;1
182;1;6;SEDA DENTAL;SEDA DENTAL;ESNAVAL;Sin Talla;1814;26
185;1;6;CORTAUÑA;CORTAUÑA;TRIM;Sin Talla;1005;3
186;1;3;BLOQUEADOR LABIAL;BLOQUEADOR LABIAL;Sin Marca;Sin Talla;1814;1
187;1;6;DESODORANTE SPRY PARA PIES;DESODORANTE SPRY PARA PIES;Sin Marca;Sin Talla;3124;18
190;1;3;BOLSO PORTADOCUMENTO;;Sin Marca;Sin Talla;17315;6
195;1;6;JABONERA PLASTICA;;Sin Marca;Sin Talla;693;12
196;1;6;CREMA HUMECTANTE;;Sin Marca;Sin Talla;2388;1
198;1;7;CAMISETA DRY FIT;CAMISETA DRY FIT MUJER;CARTERS;Sin Talla;8078;5
199;1;7;BATA BAÑO;BATA BAÑO ;CARTERS;M;27630;9
200;1;7;BOTON DORADO 13 MM;;Sin Marca;Sin Talla;755;547
204;1;9;LAPIZ DE PASTA ROJO;;Sin Marca;Sin Talla;109;37
207;1;0;PANTALON SARGA FINA HOMBRE;PANTALON SARGA FINA HOMBRE;BENSONS;Sin Talla;18186;11
228;1;8;MANUAL ORIENTACION PROFESIONAL;;IMPRENTA;Sin Talla;26541;24
232;1;7;GUANTE BLANCO HOMBRE;;Sin Marca;Sin Talla;2013;237
234;1;3;DRAGONAS;;Sin Marca;Sin Talla;33827;6
235;1;0;GUANTES STRECH MUJER;GUANTES STRECH MUJER;ESNAVAL;Sin Talla;1871;622
239;1;3;ANCLOTE BRONCE COLOR BLANCO;;Sin Marca;Sin Talla;1378;3
242;1;3;HERRETE DE IDENTIFICACION CP-1718;;Sin Marca;Sin Talla;1759;1
243;1;0;HERRETE DE IDENTIFICACION CP-1722;;Sin Marca;Sin Talla;1800;26
247;1;9;PLUMON PILOT BLANCO;;Sin Marca;Sin Talla;1657;4
249;1;7;FUNDA DE GORRA;;Sin Marca;Sin Talla;5721;157
252;1;3;MAQUINA  DE AFEITAR;MAQUINA  DE AFEITAR;Sin Marca;Sin Talla;3225;6
264;1;0;PANTALETA MUJER;;Sin Marca;Sin Talla;2820;4
265;1;7;SABANAS BLANCAS;SABANAS BLANCAS;ROPA;Sin Talla;3528;181
266;1;7;APELLIDO AMBO COMBATE;APELLIDO AMBO COMBATE;ESNAVAL;Sin Talla;1276;7
267;1;0;CORBATIN LANILLA;CORBATIN LANILLA ;Sin Marca;Sin Talla;2045;19
269;1;3;PORTA SERVILLETERO;;Sin Marca;Sin Talla;10296;3
272;1;0;PANTALON DE NAVEGACION;;Sin Marca;Sin Talla;9612;62
277;1;3;ESTRELLA BORDADA P/MANGA;;Sin Marca;Sin Talla;2806;137
278;1;3;GORRO NAVEGACION;GORRO NAVEGACION;Sin Marca;Sin Talla;2978;1
288;1;7;CALZON LARGO;CALZON LARGO;CARTERS;Sin Talla;6365;22
297;1;7;PLACA BANDERA CHILENA;;Sin Marca;Sin Talla;6175;8
301;1;3;LLAVERO METALICO CON ESCUDO;;MEDAL;Sin Talla;1836;4
302;1;7;CALZA LAYCRA UNISEX;CALZA LAYCRA UNISEX;Sin Marca;M;7553;18
305;1;0;TAPAS MANUAL DEL CADETE;;Sin Marca;Sin Talla;3331;86
306;1;0;REPUESTO MQ. AFEITAR;;Sin Marca;Sin Talla;5548;11
309;1;0;CAMISETA ANCLAS CRUZADAS;CAMISETA ANCLAS CRUZADAS;ESNAVAL;Sin Talla;5251;15
314;1;0;CANCIONERO NAVAL;;Sin Marca;Sin Talla;1455;5
315;1;0;PAÑUELO BLANCOS;;Sin Marca;Sin Talla;312;3
324;1;3;PIOCHA ANCLAS CRUZADAS 25MM;;Sin Marca;Sin Talla;2010;107
327;1;0;ROSA MANIOBRA;;Sin Marca;Sin Talla;61;1823
328;1;3;BOLSA P/LAVADO DE ROPA;;Sin Marca;Sin Talla;563;11
330;1;0;TOALLA GRANDE BLANCA;;Sin Marca;Sin Talla;8613;94
332;1;6;DESODORANTE EN SPRAY HOMBRE;DESODORANTE EN SPRAY HOMBRE;Sin Marca;Sin Talla;1434;15
333;1;7;PANTALON DESFILE HOMBRE;PANTALON BLANCO DESFILE VARON;ESCUELA NAVAL;Sin Talla;24339;51
334;1;7;CORBATIN RASO;CORBATIN RASO;Sin Marca;Sin Talla;2080;38
338;1;7;PANTALON DESFILE MUJER;PANTALON DESFILE MUJER;Sin Marca;Sin Talla;22091;9
344;1;0;COMPAS PUNTA SECA;;Sin Marca;Sin Talla;16428;3
353;1;7;GUANTE CUERO CAFE;;Sin Marca;Sin Talla;9566;1
361;1;3;PANTY ELASTICADA;PANTY ELASTICADA;Sin Marca;Sin Talla;3503;37
362;1;3;PAÑUELO BLANCO;;Sin Marca;Sin Talla;312;52
365;1;7;PARCHE DOBLE CUADRO DE HONOR;PARCHE DOBLE CUADRO DE HONOR ;Sin Marca;Sin Talla;1849;24
366;1;7;PARCHE SIMPLE CUADRO DE HONOR;PARCHE SIMPLE CUADRO DE HONOR;Sin Marca;Sin Talla;1191;39
370;1;11;ANOTADOR NAVAL;;Sin Marca;Sin Talla;2200;10
372;1;3;CARTERA DE CUERO NEGRA;;Sin Marca;Sin Talla;33607;8
375;1;7;CORBATA NEGRA LANILLA;;Sin Marca;Sin Talla;2007;41
376;1;3;ESPADA PARA OFICIAL;;Sin Marca;Sin Talla;254916;6
383;1;0;BLOCK DE 50 HJ PAPEL 880;;Sin Marca;Sin Talla;697;27
387;1;0;LIBRETA DE BOLSILLO P/APUNTES;;Sin Marca;Sin Talla;425;5
388;1;11;PORTA VASOS 6 UN;;Sin Marca;Sin Talla;8500;1
391;1;7;PARKA IM;;Sin Marca;Sin Talla;90488;24
401;1;7;PALAS DE PANAMA;;Sin Marca;Sin Talla;14930;1
405;1;0;BALSAMO SEDAL;;A.SHOE;Sin Talla;1675;3
408;1;3;COLLERA DE CUELLO;;ESNAVAL;Sin Talla;857;50
409;1;7;PIOCHA LITORAL DORADA;;Sin Marca;Sin Talla;3534;13
410;1;3;PLACA IDENTIFICACION;;ROPA;Sin Talla;3000;1
411;1;3;DISTINTIVO BRIG.MAYOR T/PARADA;DISTINTIVO BRIG.MAYOR T/PARADA;Sin Marca;Sin Talla;4495;7
412;1;0;ESPEJO SEÑALES CON FUNDA;;Sin Marca;Sin Talla;8391;62
415;1;3;GUANTES DE CUERO;;Sin Marca;Sin Talla;9768;16
418;1;0;PORTA LAPIZ DE VINILICO;;Sin Marca;Sin Talla;689;2
424;1;3;PARCHES OLIMPICOS;;Sin Marca;Sin Talla;1008;168
425;1;3;BOTON DORADO 23 MM P/LARGA;;WATERBURY;Sin Talla;952;90
427;1;4;QUEPIS IM.;;Sin Marca;Sin Talla;5634;149
428;1;3;CUBRECAMA CHENILLE;;Sin Marca;Sin Talla;18339;2
429;1;3;CUBRE COLCHON;;Sin Marca;Sin Talla;11444;2
431;1;3;PALAS FLEXIBLES 3 AÑO;;Sin Marca;Sin Talla;2261;8
436;1;0;PALAS RIGIDAS BRIGADIER;;Sin Marca;Sin Talla;6324;80
438;1;3;PIOCHA INFANTERIA DE MARINA;;Sin Marca;Sin Talla;3327;14
439;1;0;CORBATA NEGRA RAZO;;Sin Marca;Sin Talla;3039;184
440;1;7;CAMISETA LANILLA M/C;CAMISETA LANILLA MANGA CORTA;CARTERS;Sin Talla;3060;96
441;1;3;BILLETERA CUERO, LOGO E.N.;;ESCUELA NAVAL;Sin Talla;6657;2
457;1;0;PALAS RIGIDA E.N.;;Sin Marca;Sin Talla;5431;49
458;1;0;AUTOADHESIVO LOGO E.N.;;Sin Marca;Sin Talla;246;1185
461;1;6;PASTA DENTAL;PASTA DENTAL;Sin Marca;Sin Talla;1348;9
464;1;0;SACAPUNTA METALICO;;Sin Marca;Sin Talla;216;4
465;1;3;ESCOBILLA DE ZAPATO C/BETUNERA;;Sin Marca;Sin Talla;1656;4
466;1;0;PEGAMENTO STIC-FIX EN BARRA;;Sin Marca;Sin Talla;462;16
468;1;0;DISKETTE  3.5  A.D.;;Sin Marca;Sin Talla;144;50
473;1;0;PALAS RIGIDA BRIGADIER MAYOR;;Sin Marca;Sin Talla;7422;17
478;1;0;ESCUADRA STAEDTLER 45;;Sin Marca;Sin Talla;937;5
481;1;0;PALAS FLEXIBLE 2 AÑO;;Sin Marca;Sin Talla;2261;10
493;1;0;CAMISA BLANCA PECHERA;;Sin Marca;Sin Talla;6885;150
494;1;3;BOTON NEGRO PARA GORRA;BOTON NEGRO PARA GORRA;ARMADA C. AB.;Sin Talla;1057;257
496;1;7;PANTALON DEPORTIVO;PANTALON DEPORTIVO;CARTERS;Sin Talla;6152;31
499;1;7;CALCETAS BLANCA CORTA DEPORT.;;Sin Marca;Sin Talla;1578;122
500;1;3;DESODORANTE CORPORAL, SP;;Sin Marca;Sin Talla;1214;9
503;1;7;CINTURON NEGRO;CINTURON NEGRO;Sin Marca;Sin Talla;2366;76
504;1;3;PITO DE MANIOBRA;;Sin Marca;Sin Talla;4407;23
514;1;3;FRAZADA;;PLAZA Y MEDIA;Sin Talla;8912;6
515;1;3;PORTA TIN GIRATORIO;;Sin Marca;Sin Talla;1056;115
517;1;3;LIGAS PARA BOTA;;Sin Marca;Sin Talla;1188;56
522;1;0;MINA FINA 0.7;;Sin Marca;Sin Talla;386;4
532;1;7;PIJAMA BLANCO;;ESNAVAL;Sin Talla;8638;36
533;1;0;WOLLY POLLY;;Sin Marca;Sin Talla;34837;9
535;1;0;CUADERNO UNIVERSITARIO DE MATE;;Sin Marca;Sin Talla;556;160
536;1;6;ESPUMA DE AFEITAR;ESPUMA DE AFEITAR;Sin Marca;Sin Talla;4033;11
543;1;7;CAMISA SMOKING PLIZADA;CAMISA SMOKING PLIZADA;ARAUCO;Sin Talla;16677;19
544;1;7;PALAS FLEXIBLE E.N.;PALAS FLEXIBLE E.N.;ESNAVAL;Sin Talla;5450;3
545;1;7;IMPERMEABLE NAVAL;;Sin Marca;Sin Talla;46599;11
546;1;0;COLLERA DE PUÑO;;Sin Marca;Sin Talla;5504;52
555;1;0;PORTA GORRA HOMBRE;;Sin Marca;Sin Talla;6278;15
557;1;7;CALCETIN DE INVIERNO;;Sin Marca;Sin Talla;1993;1232
562;1;0;LIMPIA METAL, BRASSO;;Sin Marca;Sin Talla;3499;10
564;1;6;TOALLA BLANCA CHICA;;Sin Marca;Sin Talla;4349;116
568;1;3;DISTINTIVO BRIG.T/PARADA;DISTINTIVO BRIG.T/PARADA;Sin Marca;Sin Talla;4379;51
569;1;6;ESCOBILLA DE UÑA;;Sin Marca;Sin Talla;544;40
571;1;3;CORTAUÑA;CORTAUÑA;TRECK;Sin Talla;1005;5
575;1;7;SLIP BLANCO;;Sin Marca;Sin Talla;1858;462
576;1;0;LAPIZ DE PASTA AZUL;;Sin Marca;Sin Talla;102;15
581;1;0;MINAS 0.5 REPUESTO;;Sin Marca;Sin Talla;523;18
582;1;0;TIRANTE PARA PANTALON;;Sin Marca;Sin Talla;3689;11
585;1;3;DISTINTIVO BRIG.T/SERVICIO;DISTINTIVO BRIG.T/SERVICIO;Sin Marca;Sin Talla;4257;55
586;1;0;PAÑO AMARILLO DE LIMPIEZA;;Sin Marca;Sin Talla;793;13
588;1;0;BLOCK DE CERTAMEN;;Sin Marca;Sin Talla;1658;46
594;1;0;FUNDA DE ALMOHADA;;Sin Marca;Sin Talla;940;1
596;1;0;BOTON DORADO 13 MM;;OFICIAL;Sin Talla;755;13
597;1;6;FIJADOR CABELLO MUJER;GEL PARA CABELLO MUJER;Sin Marca;Sin Talla;3245;2
599;1;0;PALAS FLEXIBLES 1 AÑO;;Sin Marca;Sin Talla;2641;71
604;1;6;SHAMPOO MUJER;SHAMPOO MUJER;Sin Marca;Sin Talla;1345;13
605;1;3;MALLA P/CABELLO;;Sin Marca;Sin Talla;877;17
606;1;6;TOALLAS HIGENICAS;TOALLAS HIGENICAS;Sin Marca;Sin Talla;1084;9
611;1;7;TRAJE DE BAÑO MUJER;TRAJE DE BAÑO MUJER ;Sin Marca;DAMA S;12629;10
612;1;5;PANTINAS DE BAÑO;PANTINAS DE BAÑO;SPEEDO;Sin Talla;3200;5
614;1;3;PORTATRAJE NEGRO SIPPER;PORTATRAJE NEGRO SIPPER;SAXOLINE;Sin Talla;21599;31
616;1;7;CORBATIN PARA HOMBRE;;Sin Marca;Sin Talla;1918;44
620;1;7;CAPOTE NAVAL;;Sin Marca;Sin Talla;80920;1
625;1;3;ESCUDO GORRA FEMENINA;;Sin Marca;Sin Talla;6258;41
626;1;3;ESPEJO PARA CARTERA;ESPEJO PARA CARTERA;OFICIAL;Sin Talla;1350;3
630;1;7;TALONERA DE GEL;;Sin Marca;Sin Talla;4073;1
633;1;3;GALON HILO DE ORO 6,5 MM;;Sin Marca;Sin Talla;2501;30
635;1;3;PIOCHAS NEGRAS;;Sin Marca;Sin Talla;7021;5
639;1;0;GALON HILO DE ORO CP-6118;;Sin Marca;Sin Talla;6347;5
644;1;7;AMBO COMBATE MUJER;AMBO COMBATE MUJER;Sin Marca;36;33287;5
651;1;7;AMBO COMBATE HOMBRE;AMBO COMBATE HOMBRE;ESCUELA NAVAL;50;34328;14
652;1;7;AMBO COMBATE HOMBRE;AMBO COMBATE HOMBRE;Sin Marca;52;34328;16
660;1;7;BUZO DEPORTIVO GRIS;;Sin Marca;L;18618;15
662;1;7;BOTIN CON TACO;;Sin Marca;34;44813;4
712;1;7;AMBO SARGA FINA HOMBRE;AMBO SARGA FINA HOMBRE;Sin Marca;52L;74703;2
780;1;7;CALZONCILLO LARGO;CALZONCILLO LARGO;Sin Marca;M;6467;41
789;1;7;CAMISA PECHERA HOMBRE;;Sin Marca;43;10528;6
811;1;7;BEATLE;;Sin Marca;L;5233;22
826;1;7;CAMISA DAMA M/C;CAMISA DAMA M/C;BENSONS;34;9533;3
831;1;7;CAMISA DAMA M/C;CAMISA DAMA M/C;BENSONS;41;9533;31
842;1;7;CHAPA DE PARADA CON ANCLAS;;Sin Marca;Sin Talla;3332;1
845;1;3;CINTILLO NEGRO PARA GORRA;;Sin Marca;Sin Talla;1940;265
867;1;7;CAMISA PUÑO DOBLE HOMBRE;CAMISAS BENSONS;BENSONS;Sin Talla;11054;47
869;1;7;CAMISA PUÑO SIMPLE MUJER;CAMISA BENSONS;BENSONS;Sin Talla;10522;32
870;1;7;CAMISA MANGA CORTA HOMBRE;CAMISA BENSONS;BENSONS;Sin Talla;9764;13
871;1;7;CAMISA DAMA M/C;CAMISA BENSONS;BENSONS;Sin Talla;9533;45
872;1;7;CAMISA DOBLE PUÑO HOMBRE;CAMISA BENSONS;BENSONS;Sin Talla;11504;14
875;1;7;CAMISA PECHERA HOMBRE;CAMISAS BENSONS;ARAUCO;Sin Talla;10528;143
876;1;7;CUELLOS CAMISA PECHERA;CUELLOS BENSONS;BENSONS;Sin Talla;2532;334
879;1;5;BOTIN PLANTA DE SUELA;BOTIN PLANTA DE SUELA;GUANTE;43;45949;43
883;1;7;CUELLOS CAMISA PECHERA;CUELLOS PARA CAMISA PRISMA;Sin Marca;Sin Talla;2532;149
886;1;7;AMBO COMBATE MUJER;AMBO COMBATE MUJER ;Sin Marca;40;33287;3
888;1;7;AMBO COMBATE MUJER;AMBO COMBATE MUJER ;Sin Marca;48;33287;2
902;1;7;PANTALON DESFILE MUJER;PANTALON DESFILE MUJER ;Sin Marca;48;22091;3
919;1;5;BOTA DE MARCHA;BOTA DE MARCHA;ARMADA C. AB.;48;40076;6
939;1;5;ZAPATILLA CON CLAVO;ZAPATILLA CON CLAVO;JOMA;35;38199;2
981;1;3;FAJA PARA GALA;FAJA PARA GALA;Sin Marca;Sin Talla;9818;7
982;1;0;BASE MAQUILLAJE;BASE MAQUILLAJE;Sin Marca;Sin Talla;4990;2
990;1;7;BUZO DEPORTIVO E.N.;BUZO DEPORTIVO E.N.;Sin Marca;Sin Talla;39573;3
1041;1;7;TRAJE DE BAÑO SPEEDO;TRAJE DE BAÑO SPEEDO;SPEEDO;Sin Talla;13000;1
1110;1;7;BOTON DORADO 13 MM;EQUIPO INICIAL 2012;WATERBURY;Sin Talla;755;115
1111;1;7;BOTON DORADO 16 MM;EQUIPO INICIAL 2012;WATERBURY;Sin Talla;900;299
1112;1;7;BOTON DORADO 23 MM P/CORTA;EQUIPO INICIAL 2012;WATERBURY;Sin Talla;941;43
1133;1;7;CAPOTE NAVAL MUJER;EQUIPO INICIAL 2012;Sin Marca;Sin Talla;74734;2
1162;1;6;ESCOBILLA DE ROPA EQ. INICIAL 2012;EQUIPO INICIAL 2012;Sin Marca;Sin Talla;1500;18
1191;1;6;JABON ASEO;JABON ASEO ;Sin Marca;Sin Talla;212;97
1247;1;7;POLERON NAVEGACION;EQUIPO INICIAL 2012;Sin Marca;Sin Talla;16537;1
1257;1;11;REGLA 30 CM;EQUIPO INICIAL 2012;Sin Marca;Sin Talla;88;42
1294;1;7;CHAQUETILLA SARGA FINA 14-A HO;CHAQUETILLA SARGA FINA 14-A HOMBRE;BENSONS;48R;31839;35
1315;1;7;CHAQUETILLA SARGA FINA 14-A MU;CHAQUETILLA 14 A MUJER;BENSONS;38L;33665;1
1478;1;5;BOTIN DE MUJER;BOTIN DE MUJER;GUANTE;36;44728;7
1479;1;5;BOTIN DE MUJER;BOTIN DE MUJER;GUANTE;37;44728;12
1480;1;5;BOTIN CON TACO;BOTIN DE MUJER;GUANTE;38;44813;13
1481;1;5;BOTIN DE MUJER;BOTIN DE MUJER;GUANTE;39;44728;3
1482;1;5;BOTIN DE MUJER;BOTIN DE MUJER;GUANTE;41;44728;2
1541;1;3;PALAS FLEXIBLES EQUIPO INICIAL 2012;PALAS FLEXIBLES EQUIPO INICIAL 2012;Sin Marca;Sin Talla;2641;3
1600;1;7;CAMISETA ANCLAS CRUZADAS;CAMISETA ANCLAS;Sin Marca;Sin Talla;5251;69
1614;1;3;FUNDA DE GORRA;FUNDA GORRA;ARMADA C. AB.;Sin Talla;5721;24
1620;1;0;CINTURON VERDE;CINTURON VERDE;Sin Marca;Sin Talla;2021;8
1621;1;0;FUNDA DE CUERO PARA ESPADAS;FUNDA DE CUERO PARA ESPADAS;Sin Marca;Sin Talla;15360;1
1627;1;3;INSIGNIA SOLAPA MUJER;INSIGNIA SOLAPA FEMENINO;ARMADA C. AB.;Sin Talla;9317;2
1634;1;7;AMBO SARGA FINA MUJER;AMBO SARGA FINA MUJER;BENSONS;44C;67034;1
1655;1;7;CAMISA PUÑO DOBLE HOMBRE;CAMISA PUÑO DOBLE HOMBRE;BENSONS;35;11054;12
1658;1;7;CAMISA PUÑO DOBLE HOMBRE;CAMISA PUÑO DOBLE HOMBRE;BENSONS;38;11054;20
1659;1;7;CAMISA PUÑO DOBLE HOMBRE;CAMISA PUÑO DOBLE HOMBRE;BENSONS;39;11054;39
1671;1;13;MASCARA DE PESTAÑA;MASCARA DE PESTAÑA;Sin Marca;Sin Talla;3390;3
1672;1;13;LABIAL DE MUJER;LABIAL DE MUJER;Sin Marca;Sin Talla;1790;3
1673;1;9;ESTUCHE PARA LAPICES;ESTUCHE PARA LAPICES;Sin Marca;Sin Talla;3577;16
1675;1;11;CUADERNO CALIGRAFIA;CUADERNO CALIGRAFIA;Sin Marca;Sin Talla;853;120
1676;1;6;ENJUAGUE BUCAL;ENJUAGUE BUCAL;Sin Marca;Sin Talla;845;3
1677;1;7;BOXER HOMBRE;BOXER;CARTERS;M;3090;24
1681;1;7;PIJAMA FRANELA MUJER;PIJAMA FRANELA MUJER;CARTERS;XS;15352;1
1684;1;7;CAMISA PUÑO SIMPLE MUJER;CAMISA PUÑO SIMPLE MUJER;BENSONS;38;10522;14
1712;1;8;"MANUAL PARA CADETES ""ORIENTACION PROFESIONAL""";"MANUAL PARA CADETES ""ORIENTACION PROFESIONAL""";Sin Marca;Sin Talla;18294;124
1713;1;8;CARTILLA NAUTICA;CARTILLA NAUTICA;IMPRENTA;Sin Talla;12600;85
1721;1;8;LIBRO INGLES BESCO REFILL BE 4;LIBRO INGLES BESCO REFILL BE 4;Sin Marca;Sin Talla;40000;28
1722;1;4;FUNDA DE GORRA;FUNDA DE GORRA  ;Sin Marca;M;5721;67
1727;1;7;FUNDA GORRA FEMENINA N° 20 1/2;FUNDA GORRA FEMENINA N° 20 1/2;Sin Marca;Sin Talla;13135;15
1728;1;7;FUNDA GORRA FEMENINA N° 21;FUNDA GORRA FEMENINA N° 21;Sin Marca;Sin Talla;13135;20
1729;1;7;FUNDA GORRA FEMENINA N° 21 1/2;FUNDA GORRA FEMENINA N° 21 1/2;Sin Marca;Sin Talla;13153;18
1730;1;7;FUNDA GORRA FEMENINA N° 20;FUNDA GORRA FEMENINA N° 20;Sin Marca;Sin Talla;12852;6
1731;1;7;GORRA FEMENINA N° 22  1/2;GORRA FEMENINA N° 22  1/2;Sin Marca;Sin Talla;59168;1
1737;1;7;CAMISA DOBLE PUÑO HOMBRE;CAMISA DOBLE PUÑO HOMBRE;Sin Marca;42L;11504;39
1740;1;7;GALON HILO DE HORO 16MM.;GALON HILO DE HORO 16MM.;Sin Marca;Sin Talla;4024;26
1746;1;7;CINTURON BLANCO;CINTURON BLANCO;Sin Marca;Sin Talla;2134;4
1753;1;3;CARTERA SMOKING FMENINA;CARTERA SMOKING FMENINA;Sin Marca;Sin Talla;49058;2
1754;1;7;SOLAPIN GAMAS;SOLAPIN GAMAS;Sin Marca;Sin Talla;11900;32
1756;1;7;INSIGNIA BORDADA ESCUDO E.N.;INSIGNIA BORDADA ESCUDO E.N.;Sin Marca;Sin Talla;1500;1
1757;1;0;BANDERIN CHICO ESNAVAL;BANDERIN CHICO ESNAVAL;Sin Marca;Sin Talla;500;9
1758;1;0;ESMALTE DE UÑAS;ESMALTE DE UÑAS;Sin Marca;Sin Talla;2000;10
1759;1;0;ESPEJO PARA CARTERA CON FUNDA;ESPEJO PARA CARTERA CON FUNDA;Sin Marca;Sin Talla;2000;11
1761;1;7;WOLLY POLLY IM;WOLLY POLLY IM;Sin Marca;Sin Talla;9341;22
1762;1;7;TENIDAS DE COMBATE IM;TENIDAS DE COMBATE IM;Sin Marca;Sin Talla;49139;15
1764;1;7;CREMA LABIAL;CREMA LABIAL;Sin Marca;Sin Talla;1726;6
1767;1;7;TRAJE DE BAÑO FEMENINO CARTERS;TRAJE DE BAÑO FEMENINO CARTERS;Sin Marca;Sin Talla;8731;7
1768;1;0;PALA FLEXIBLE CAPITAN DE FRAGATA;PALA FLEXIBLE CAPITAN DE FRAGATA;Sin Marca;Sin Talla;5273;1
1775;1;0;ZAPATO NEGRO PLANTA PU;ZAPATO NEGRO PLANTA PU;Sin Marca;Sin Talla;22849;5
1776;1;0;CARTERA BLANCA;CARTERA BLANCA;Sin Marca;Sin Talla;42343;2
1777;1;0;AMBO BLANCO FEMENINO;AMBO BLANCO FEMENINO;Sin Marca;Sin Talla;57188;1
1778;1;0;ZAPATO BLANCO FEMENINO;ZAPATO BLANCO FEMENINO;Sin Marca;Sin Talla;33772;10
1779;1;0;FUNDA PARA SABLE;FUNDA PARA SABLE;Sin Marca;Sin Talla;16366;76
1781;1;0;FRASCO CORRECTOR LIQUIDO;FRASCO CORRECTOR LIQUIDO;Sin Marca;Sin Talla;316;12
1782;1;12;ESTUCHE SENCILLO;ESTUCHE SENCILLO;Sin Marca;Sin Talla;1038;12
1784;1;7;BATA DE BAÑO XS;BATA DE BAÑO;Sin Marca;XS;26178;4
1785;1;7;BATA DE BAÑO M;BATA DE BAÑO M;Sin Marca;Sin Talla;26178;3
1818;1;4;GORRA FEMENINA 23;GORRA FEMENINA 23;ARMADA C. AB.;Sin Talla;61657;3
1840;1;4;CAMISA SMOKING FEM;CAMISA SMOKING FEM;ARMADA C. AB.;46;19459;2
1847;1;4;CHAQUETA PERSONAL NAVAL FEM.;CHAQUETA PERSONAL NAVAL FEM.;ARMADA C. AB.;48R;48318;1
1848;1;7;FAJA NEGRA FEMENINA;FAJA NEGRA FEMENINA;ARMADA C. AB.;S;15825;3
1852;1;7;PANTALON BLANCO C/MARRUECOS;PANTALON BLANCO C/MARRUECOS;ARMADA C. AB.;52;17408;1
1853;1;7;PANTALON BLANCO C/MARRUECOS;PANTALON BLANCO C/MARRUECOS;ARMADA C. AB.;50;17408;8
1854;1;7;PANTALON BLANCO C/MARRUECOS;PANTALON BLANCO C/MARRUECOS;ARMADA C. AB.;54;17408;1
1855;1;7;PANTALON BLANCO C/MARRUECOS;PANTALON BLANCO C/MARRUECOS;ARMADA C. AB.;42;17408;4
1856;1;3;SABLE OFICIAL TALLA 96;SABLE OFICIAL TALLA 96;ARMADA C. AB.;Sin Talla;255174;4
1861;1;7;PIJAMA BLANCO ;PIJAMA BLANCO;Sin Marca;M;8638;43
1862;1;7;PIJAMA BLANCO ;PIJAMA BLANCO;Sin Marca;L;8638;12
1864;1;7;GUANTES DE CUERO CAFE;GUANTES DE CUERO CAFE;ARMADA C. AB.;NÂ° 9  1/2;9529;27
1906;1;5;ZAPATO NEGRO PLANTA PU;ZAPATO NEGRO PLANTA PU;ARMADA C. AB.;40;22849;8
1907;1;5;ZAPATO NEGRO PLANTA PU;ZAPATO NEGRO PLANTA PU;ARMADA C. AB.;41;22849;12
1908;1;5;ZAPATO NEGRO PLANTA PU;ZAPATO NEGRO PLANTA PU;ARMADA C. AB.;43;22849;6
1953;1;4;SMOKING FEMENINO;SMOKING FEMENINO;MAVESA;40;84788;4
1954;1;4;CAMISA SMOKING MUJER;CAMISA SMOKING MUJER;Sin Marca;36R;19990;2
1955;1;4;CAMISA SMOKING MUJER;CAMISA SMOKING MUJER;Sin Marca;38R;19990;4
1957;1;4;CAMISETA BLANCA M/C GAMA;CAMISETA BLANCA M/C GAMA;Sin Marca;Sin Talla;2677;16
1960;1;4;CORBATIN NEGRO FEMENINO  GAMA;CORBATIN NEGRO FEMENINO  GAMA;Sin Marca;Sin Talla;1298;2
1961;1;4;CORBATIN DE SMOKING GAMA;CORBATIN DE SMOKING GAMA;Sin Marca;Sin Talla;6752;2
1962;1;4;INSIGNIA SOLAPA FEMENINA GAMA;INSIGNIA SOLAPA FEMENINA GAMA;Sin Marca;Sin Talla;9052;2
1963;1;4;INSIGNIA SOLAPA MASCULINA GAMA;INSIGNIA SOLAPA MASCULINA GAMA;Sin Marca;Sin Talla;9052;3
1964;1;4;CAMISA SMOKING VARON GAMA;CAMISA SMOKING VARON GAMA;Sin Marca;Sin Talla;19459;28
1965;1;4;CORBATA LANA NEGRA GAMA;CORBATA LANA NEGRA GAMA;Sin Marca;Sin Talla;2598;2
1974;1;3;GUANTES CUERO CAFE GAMA;GUANTES CUERO CAFE GAMA;Sin Marca;Sin Talla;9529;38
1975;1;3;DRAGONAS GAMA;DRAGONAS GAMA;Sin Marca;Sin Talla;33934;1
1976;1;3;HERRETE GAMA;HERRETE GAMA;Sin Marca;Sin Talla;2115;16
1977;1;5;ZAPATO NEGRO PLANTA PU GAMA;ZAPATO NEGRO PLANTA PU GAMA;Sin Marca;Sin Talla;22849;19
1981;1;4;SMOKING MASCULINO GAMA;SMOKING MASCULINO GAMA;Sin Marca;Sin Talla;92686;16
1983;1;4;SMOKING FEMENINO GAMA;SMOKING FEMENINO GAMA;Sin Marca;Sin Talla;92686;5
1984;1;3;GUANTES CAFE MUJER GAMA;GUANTES CAFE MUJER GAMA;Sin Marca;Sin Talla;9403;3
1985;1;3;INSIGNIA SOLAPA VARON GAMA 2;INSIGNIA SOLAPA VARON GAMA 2;Sin Marca;Sin Talla;9317;15
1986;1;3;SMOKING MASCULINO GAMA 2;SMOKING MASCULINO GAMA 2;Sin Marca;Sin Talla;104798;3
1992;1;7;CAMISA M/C MUJER GAMA 2;CAMISA M/C MUJER GAMA 2;Sin Marca;Sin Talla;7922;9
1993;1;7;CAMISETA M/C MUJER GAMA;CAMISETA M/C MUJER GAMA;Sin Marca;Sin Talla;3063;13
1996;1;7;CORBATIN SMOKING MUJER GAMA 2;CORBATIN SMOKING MUJER GAMA 2;Sin Marca;Sin Talla;12429;2
2002;1;3;INSIGNIA SOLAPA FEMENINO;INSIGNIA SOLAPA FEMENINO;Sin Marca;Sin Talla;10710;50
2003;1;5;PANTINAS DE BAÑO;PANTINAS DE BAÑO;Sin Marca;Sin Talla;6940;1
2005;1;7;BUZO AZUL;BUZO AZUL;Sin Marca;L;40460;22
2016;1;7;CAMISA PUÑO DOBLE VARON;CAMISA PUÑO DOBLE VARON;BENSONS;39L;11884;6
2017;1;7;CAMISA PUÑO DOBLE VARON;CAMISA PUÑO DOBLE VARON;BENSONS;40L;11884;6
2036;1;7;CAMISA MANGA CORTA MUJER;CAMISA MANGA CORTA MUJER;BENSONS;38R;11009;1
2037;1;7;CAMISA MANGA CORTA MUJER;CAMISA MANGA CORTA MUJER;BENSONS;40R;11009;4
2056;1;7;CAMISA BLANCA M/CORTA MUJER;CAMISA BLANCA M/CORTA MUJER;BENSONS;41R;11009;3
2057;1;3;SOUTACHE COMPLETO;SOUTACHE COMPLETO;Sin Marca;Sin Talla;4809;69
2062;1;8;LIBRO NAVEGACION A VELA;LIBRO NAVEGACION A VELA;Sin Marca;Sin Talla;15400;220
2097;1;7;CAMISA MANGA CORTA  MUJER;CAMISA MANGA CORTA  MUJER;BENSONS;44R;11009;10
